Apple 아이폰 13 256GB [자급제],"1,168,500원",https://cr.shopping.naver.com/adcr.nhn?x=SiEUOrWOL4WUlbSAnepEv%2F%2F%2F%2Fw%3D%3Dss4Xpnn171M1bBxXQ8VAdBLpQ1Q4D7%2BVlwz0a5mnNpLxhJz9H0Ub4KLvuVTVtNMxMBandlhTu%2F4nEoM0u%2BiCkxnIqYKVOZMG0%2BAx8th6BWUIhuMjXem73RsoxAoXg3CbtbfzVblJ6nLEB0UZXUjy3QMi30QtKP1mA7BYZPpxeJLexWvZfe2todmJfmpbNrXnqXKJBKazWTMr3TF%2BX7oeAGbix7jXt7MNVc9AIu4EfDZlNEwRr%2B3STfYHGn%2FB5b3e4OF%2BI3QspIdaqZmbKYD%2BotCJFaHzS%2BoEEEeGofZSdJBVVXemfpmeX70wC2wQT5nyi5pxiwDZPU40LYzhHX%2FcRv%2FNpqowZdN66FjUq3MVFZgUhIW%2Fufm4Ai1g%2Bbn5o8FWgvX82Y5Ils9cLeBDu1LyZBz8OrgBwC1HSdkQjup%2BpH0agIX25kXOk%2FUPdTKqFSCOqDgcKWP7TrEwfWP0fV1BFe%2BmKSx2APyHs2YfQwN8YYMH1JtnyFV8OD7Bngtl8x0Qvfm8I4%2BLwqxkEirhSi8uz%2FPkMeAmUfvdvnjS5t4wJ0QbvW2q1ZBpuV%2F%2FvtKUgTGHnnIM1d%2BPMBCLDzrQZQiijIXclynW8vXoudWUB21uwpIacvLAEXpM93KseLmlLJCRWDVCYCaeglF2rgr1u2OQIzQ%3D%3D&nvMid=29029192591&catId=50001519
Apple 아이폰 13 미니 128GB [자급제],"891,270원",https://cr.shopping.naver.com/adcr.nhn?x=86MPq9qLxba7qOueM9zsNf%2F%2F%2Fw%3D%3DsvIFLNTyCSwkJqTbMYLPeF9eRER6N3X5wiRptIyGSyb1hJz9H0Ub4KLvuVTVtNMxMMniEtxWyxcSY%2FdB0l5ZhAHIqYKVOZMG0%2BAx8th6BWUIhuMjXem73RsoxAoXg3CbtbfzVblJ6nLEB0UZXUjy3QMi30QtKP1mA7BYZPpxeJLexWvZfe2todmJfmpbNrXnq2drsUEzev9hA0cDt%2BuxFM7ix7jXt7MNVc9AIu4EfDZlNEwRr%2B3STfYHGn%2FB5b3e4OF%2BI3QspIdaqZmbKYD%2BotCJFaHzS%2BoEEEeGofZSdJBVVXemfpmeX70wC2wQT5nyi5pxiwDZPU40LYzhHX%2FcRvxOLHbXe85%2FDg5Z%2FBYQolKUhIW%2Fufm4Ai1g%2Bbn5o8FWgvX82Y5Ils9cLeBDu1LyZB77WgDSXKP6ImEy%2BwFHnuJ%2BgIX25kXOk%2FUPdTKqFSCOqDgcKWP7TrEwfWP0fV1BFe2dFqn9EtHPPkp8WxjFFMRTPxSH%2BMhjwnhZYEHfltYfSuwP9L0j7YvHB2OKNn2rLcLC2JR4l9sCJXyHk98149dqv1dnHvmxaAmDOWLZFenYBv4YGjJCSIW1IvBxXT1wG9447BsICXXtdNwrQSY%2FX%2F1xvU2Y6hEEwGxc1AZfON9sL4VRAH%2BsMDObarUodGweR8Q%3D%3D&nvMid=29030650586&catId=50001519
Apple 아이폰 13 프로 128GB [자급제],"1,255,000원",https://cr.shopping.naver.com/adcr.nhn?x=Mnu6C0P6e%2FTyqJCHdbCwn%2F%2F%2F%2Fw%3D%3DsvntAU5vFCOjRspJZ7KqDa%2FN6fWCsyvyUANuNMxJcPHsbsBKbbjTB%2BBCjsLv6tz%2Bjr%2ByyOqTq1pwMbGTWiPqSbOzxz2UYL5J5yvGS9SXRiQahBuTkSIT6dLQKxoyZBJNkxj5p4PaUch9W1toWaU5hckgAn8lD2%2BxrgblrBqYwPdWug%2B9sjA7rHdeMLkY%2BwIMU07oJ3o0uS6qCsqzVDCUSCzQZD6UDT51Dg8nNb9lI8fV%2BFLPJmN7kd5F0maTGsL0cp7Yi4KyCMY%2BsZticnQWDx2AlW3iL0yDXEjfsOZalMwPL%2Fowdnq7%2Fmfq67OVRzok0S5SJNLgIdS1XFCtZ5GETGMGaTN6u%2BD%2BRY3IJsru9ngAazr5Q3x9pOdjfOLR6qN48DG4evy%2BM13j64UYOnhTyGTKNO2ExDuP3ntbcueJXyXt6K503jBTFiO%2BslOwbxo4OpOVXrumE0IYWoVbuYGHPlT4OngYKgyg9ZO2oWjkSR%2BqSk2%2FG7h%2BXND%2B0hmw7cZaHhOBUHb0ZqO6MTkr8MsJnISPiTIlPWaD8bHcVHpxz5tlBjygaCYp%2BVnuqPT6k8MWYEaThcwm2jOjlPe7qD4n469KrNQ8QY%2FydJv6wv353SS30sQoP7V5d2dRCxuvm5ca%2BHRyPBWbUFRhWScTsgQynPg%3D%3D&nvMid=29030420587&catId=50001519
Apple 아이폰 13 128GB [자급제],"1,035,000원",https://cr.shopping.naver.com/adcr.nhn?x=BF4W%2FzwX2V35BLLgum8QIf%2F%2F%2Fw%3D%3DsLtd1rujM2MooAsxKl741863ws%2BNCQGiiRjhgVJ22MrIbsBKbbjTB%2BBCjsLv6tz%2BjCjkO8NCmVQhVaKLpb1UQVylA2%2FbVCxv1j%2FcGEX7Yl9ahBuTkSIT6dLQKxoyZBJNkxj5p4PaUch9W1toWaU5hckgAn8lD2%2BxrgblrBqYwPdWug%2B9sjA7rHdeMLkY%2BwIMUMRx4KxbEWu5oJE2qAkkLfzQZD6UDT51Dg8nNb9lI8fV%2BFLPJmN7kd5F0maTGsL0cp7Yi4KyCMY%2BsZticnQWDx2AlW3iL0yDXEjfsOZalMwPL%2Fowdnq7%2Fmfq67OVRzok0S5SJNLgIdS1XFCtZ5GETGPO9WjLLZOkwO5F1vdEE3tJPDyGOYzv8nz3HgvPZBl%2BSDG4evy%2BM13j64UYOnhTyGUWT2NvQs%2FX1yLTp9dGdOIV6K503jBTFiO%2BslOwbxo4OpOVXrumE0IYWoVbuYGHPlVK8ah%2BH%2FSVEtTGagRY6auDlE80KNwbfNxekQsGJejRksTXhzeKkynwlV5iG42bUw8q%2BNeh96Q9NIAt0huaSPjkNeG0S87itx3fSLuKct4yKZrpImlm5j8BqIRhkl1IjFEkVSsbeHjep%2B%2Fg1il3uCYlXc50eBITwugSNPH3Ok09sVpGw61BSdoQRvEGgfFlc5w%3D%3D&nvMid=29030374587&catId=50001519
Apple 아이폰 13 프로 256GB [자급제],"1,385,000원",https://cr.shopping.naver.com/adcr.nhn?x=3E041RjYu6OX870vKtXdnP%2F%2F%2Fw%3D%3DsWwgWrJwyCfknLK4NlY2GfXIN0Ejz7F3D6m4OnECupTEbsBKbbjTB%2BBCjsLv6tz%2Bj0sfxFJ%2Bn2pnKvCSsdomupylA2%2FbVCxv1j%2FcGEX7Yl9ahBuTkSIT6dLQKxoyZBJNkxj5p4PaUch9W1toWaU5hckgAn8lD2%2BxrgblrBqYwPdWug%2B9sjA7rHdeMLkY%2BwIMUBoJ3D2%2FUDVKv9Br5lu%2FNPDQZD6UDT51Dg8nNb9lI8fV%2BFLPJmN7kd5F0maTGsL0cp7Yi4KyCMY%2BsZticnQWDx2AlW3iL0yDXEjfsOZalMwPL%2Fowdnq7%2Fmfq67OVRzok0S5SJNLgIdS1XFCtZ5GETGFeaMFoy15yJltOg18idaNFPDyGOYzv8nz3HgvPZBl%2BSDG4evy%2BM13j64UYOnhTyGcIcyAJuPIKhVwB9tYNp4XYGVJjQOIMS03m13YAnzFDQpOVXrumE0IYWoVbuYGHPlT4OngYKgyg9ZO2oWjkSR%2BrG206zoTJkKRJKeFBLcypkhOBUHb0ZqO6MTkr8MsJnIfNUlTkJrbcQKUGhqI2%2FHS3XnXYNCRwv3unf9xkpGH60EaThcwm2jOjlPe7qD4n46xpj9bs0ZVh90rqWMWS3UqC7RwJOW2c6w%2BH8y2SEHjRTHRyPBWbUFRhWScTsgQynPg%3D%3D&nvMid=29030492586&catId=50001519
Apple 아이폰 13 프로 맥스 128GB [자급제],"1,247,430원",https://cr.shopping.naver.com/adcr.nhn?x=cMe3XtZrEkR%2ForP3g15FzP%2F%2F%2Fw%3D%3DsDvv4iung27jsAJi0PB3K2pvPbNDKQy49GVsjLByuHDpWQE1WikGGRjsm7ORTamZ73udKLZRsizb4GAvUas2%2BgKununOMRyUqHl13UOdf59DxHHlbhs2BtRnWR%2F7wg7yZEU8ZQ4vgDfQ7jAWv%2FV5a%2FUPg%2F6PYJW9LpCSumzPJoiiI9aZyW4hhCgmcrsQhWGWGhHspihOVp8HjBCkc%2F5FPbvKAXVfyDB1yTbVYYpYzcFnUHxlEatbmVq7jmztE%2FywsiKvXhJdc%2BtVpaEe2mP9SdTPDpGIrabitp2up06DaRfi54J8UO7LDGXdPU9Do8oyMXmq0wb8nQ9S1CNyVqQgAyPT2dRGJAv33aXwfxEuqx8BqLzcRVswO%2FNXTrA15l4GNbF4OZVL2Q%2FcwuxYvViSTh%2Brtiy45jQlsFks%2B8iiFnR%2BcPfwzF9ktWcxdrcTtO8KUh7eRXhvx%2B18MP%2FzLgC0qJVOBpL3kKBeNwNuOk45o3IVBtWA3bgrCJTVPNVLYJDvay%2F5xiDZEmKfndsQAGO1A54Q%2FCbBHICgrp5QAK1QkJRYl%2BD3hcQGlF5HbFEXIz2xDYnHIcETcJifOE8sb44IMxbHobAi7%2Bv%2FCCPmw0qM0CWjFL6QdSloFwM%2BDo8A8%2F2EMgqgOvq6z5EpEI5N2xav1Mg%3D%3D&nvMid=29030367587&catId=50001519
Apple 아이폰 13 미니 256GB [자급제],"1,035,000원",https://cr.shopping.naver.com/adcr.nhn?x=pYo3SRgRw4AzraurOD3LYP%2F%2F%2Fw%3D%3DsTfpZQ4SxgPlJ5BmyX114xslgtitpVlP0qKOeJIbo%2FFRWQE1WikGGRjsm7ORTamZ7uDtV7F%2Bia144obXFB%2B02MaununOMRyUqHl13UOdf59DxHHlbhs2BtRnWR%2F7wg7yZEU8ZQ4vgDfQ7jAWv%2FV5a%2FUPg%2F6PYJW9LpCSumzPJoiiI9aZyW4hhCgmcrsQhWGWGEhUbZ%2FNZ8avqUf6HuykXvPKAXVfyDB1yTbVYYpYzcFnUHxlEatbmVq7jmztE%2FywsiKvXhJdc%2BtVpaEe2mP9SdTPDpGIrabitp2up06DaRfi54J8UO7LDGXdPU9Do8oyMXmq0wb8nQ9S1CNyVqQgAyCCldk2C4CsPHcknNptCa6pqLzcRVswO%2FNXTrA15l4GNbF4OZVL2Q%2FcwuxYvViSTh3ghBdD6NT46gqzIKGQccHmcPfwzF9ktWcxdrcTtO8KUh7eRXhvx%2B18MP%2FzLgC0qJby0W5mjv%2Fw8F%2Fs1QNhsn6h1I8EDCh5n2RBrPUf%2BYM4BX8a%2FHvPOPEuDd1Ce%2FzZYNXsaSYZTVXdV3hnyZglHsZpQ4FwMnKBXGx9S9yduCpLRFQwuyGCI%2Bg3dUVY%2FXoQXMa7RoTQQD61ycbVWibeH86nke%2FVP%2BgM94BPZkP5YJ%2Bex&nvMid=29030437590&catId=50001519
Apple 아이폰 13 프로 맥스 256GB [자급제],"1,515,900원",https://cr.shopping.naver.com/adcr.nhn?x=xLhMBhProwmjqw45da4Hfv%2F%2F%2Fw%3D%3DsNrHm7ErDcaEH87ACZqPiFlzA7FSP260QOi4y8iV9BnlWQE1WikGGRjsm7ORTamZ7MqaNzDH9WN7Z%2FcoMJrqXMaununOMRyUqHl13UOdf59DxHHlbhs2BtRnWR%2F7wg7yZEU8ZQ4vgDfQ7jAWv%2FV5a%2FUPg%2F6PYJW9LpCSumzPJoiiI9aZyW4hhCgmcrsQhWGWGGRvm2iC%2BAsbJBoGpPZJZjPKAXVfyDB1yTbVYYpYzcFnUHxlEatbmVq7jmztE%2FywsiKvXhJdc%2BtVpaEe2mP9SdTPDpGIrabitp2up06DaRfi54J8UO7LDGXdPU9Do8oyMXmq0wb8nQ9S1CNyVqQgAyKFHRdG4cXF3Y7FvKv%2F5LwRqLzcRVswO%2FNXTrA15l4GNbF4OZVL2Q%2FcwuxYvViSTh9qRdXt9Z1hRtoZeLktW3AOcPfwzF9ktWcxdrcTtO8KUh7eRXhvx%2B18MP%2FzLgC0qJVOBpL3kKBeNwNuOk45o3IXuY50xg6ShjmxU8oRUZBg0y%2F5xiDZEmKfndsQAGO1A525LxeFpQ1oUKGyXcFhzU784nZYHn7eF%2BvPonlbm%2BUWaYnHIcETcJifOE8sb44IMxech5HSzhgs2lL9AV0musRh52dCeMpRCqRrllDeME93%2FgqgOvq6z5EpEI5N2xav1Mg%3D%3D&nvMid=29030294588&catId=50001519
Apple 아이폰 13 프로 512GB [자급제],"1,636,800원",https://cr.shopping.naver.com/adcr.nhn?x=urlPyuB5CoT6FB7TjBswuP%2F%2F%2Fw%3D%3DszLDubNGnXKn3vf1DIF2E4kW3S7R2g%2BEFzqGISl1pKkRhJz9H0Ub4KLvuVTVtNMxMHRNF8hp05nwsXKYByzmPb3IqYKVOZMG0%2BAx8th6BWUIhuMjXem73RsoxAoXg3CbtbfzVblJ6nLEB0UZXUjy3QMi30QtKP1mA7BYZPpxeJLexWvZfe2todmJfmpbNrXnqlDPFdx1sLuYHxlc7aw3L%2Brix7jXt7MNVc9AIu4EfDZlNEwRr%2B3STfYHGn%2FB5b3e4OF%2BI3QspIdaqZmbKYD%2BotCJFaHzS%2BoEEEeGofZSdJBVVXemfpmeX70wC2wQT5nyi5pxiwDZPU40LYzhHX%2FcRvyvn9K3wUGINXSCeI1jtJXQhIW%2Fufm4Ai1g%2Bbn5o8FWgvX82Y5Ils9cLeBDu1LyZB2eLZ5rUKZE8f%2F6GQUsxEfagIX25kXOk%2FUPdTKqFSCOqDgcKWP7TrEwfWP0fV1BFe9zC5Ok%2BGRIgi5WcssAqmubPxSH%2BMhjwnhZYEHfltYfSuwP9L0j7YvHB2OKNn2rLcD%2BpSVVX%2BzkihTeHNg0N%2B7KjbLTVRFrKbIzLpY3eLMB5%2BgtF15PMkmjkNDmi88yMRRB4msChneF8AbVzernM2ydjtEEnHZo%2B%2FVuCJHvsmHjrDVCYCaeglF2rgr1u2OQIzQ%3D%3D&nvMid=29030416587&catId=50001519
Apple 아이폰 13 미니 512GB [자급제],"1,292,000원",https://cr.shopping.naver.com/adcr.nhn?x=%2FLoKWtZpUo0%2FdM2GWIlG9v%2F%2F%2Fw%3D%3Ds5mpNcqsMXbuqfFM6qM%2BQLKmkJ6NfCTcu4%2FvMklG6NjphJz9H0Ub4KLvuVTVtNMxMcM5rBxb%2BemJQ0PEgAOJ4wnIqYKVOZMG0%2BAx8th6BWUIhuMjXem73RsoxAoXg3CbtbfzVblJ6nLEB0UZXUjy3QMi30QtKP1mA7BYZPpxeJLexWvZfe2todmJfmpbNrXnqsbuGkiliGuKFQrhO3KCkYbix7jXt7MNVc9AIu4EfDZlNEwRr%2B3STfYHGn%2FB5b3e4OF%2BI3QspIdaqZmbKYD%2BotCJFaHzS%2BoEEEeGofZSdJBVVXemfpmeX70wC2wQT5nyi5pxiwDZPU40LYzhHX%2FcRvz%2FQ5gsGscLyaeJX%2F5TzT3IhIW%2Fufm4Ai1g%2Bbn5o8FWgvX82Y5Ils9cLeBDu1LyZB%2BdZEliKyRlisXpuORTPjK6gIX25kXOk%2FUPdTKqFSCOqDgcKWP7TrEwfWP0fV1BFey%2Bgusqz4LfhruBMVu%2BMWafPxSH%2BMhjwnhZYEHfltYfSuwP9L0j7YvHB2OKNn2rLcMBKPWpOofGNishBhVXamBsejrgZJMH%2BZ4Y7o%2BI12oAv%2BgtF15PMkmjkNDmi88yMRbjk8K9mGT0Q5GYEUenrxQT0UbNk5di1V8jUMbmtHii%2FBq7h9PA5SrIXrcWPClBGWw%3D%3D&nvMid=29030296587&catId=50001519
Apple 아이폰 13 프로 맥스 512GB [자급제],"1,767,000원",https://cr.shopping.naver.com/adcr.nhn?x=TGE20Eg92KqEBfnFeBmv1%2F%2F%2F%2Fw%3D%3DsrkP3lPewFdwUOmwDrN8SQUm1kV9eo5X6zTn%2FFGstfrJWQE1WikGGRjsm7ORTamZ7FrZ8lIm7FpwLCZpcRW24I6ununOMRyUqHl13UOdf59DxHHlbhs2BtRnWR%2F7wg7yZEU8ZQ4vgDfQ7jAWv%2FV5a%2FUPg%2F6PYJW9LpCSumzPJoiiI9aZyW4hhCgmcrsQhWGWGOUisOr%2FsrM0gmiALHeCsDvKAXVfyDB1yTbVYYpYzcFnUHxlEatbmVq7jmztE%2FywsiKvXhJdc%2BtVpaEe2mP9SdTPDpGIrabitp2up06DaRfi54J8UO7LDGXdPU9Do8oyMXmq0wb8nQ9S1CNyVqQgAyErU3xS02EOqmGLJaZ6qZDRqLzcRVswO%2FNXTrA15l4GNbF4OZVL2Q%2FcwuxYvViSTh0PW%2F1Qu3fdG8b6mJnh5CWOcPfwzF9ktWcxdrcTtO8KUh7eRXhvx%2B18MP%2FzLgC0qJVOBpL3kKBeNwNuOk45o3IXWK5oXes95q%2BdZQZQMyRbyy%2F5xiDZEmKfndsQAGO1A59VMWqsMEQG0wHgPyYeD1iaLu7njO2rb2VI8jAk53gDiYnHIcETcJifOE8sb44IMxSNyk%2FIP8LsC4FOqJQbZFxw8dW%2FMJ195qMxXR3kvNSt1DhLBwu%2FFQS5xWYf5w6G3jQ%3D%3D&nvMid=29029192586&catId=50001519
Apple 아이폰 13 프로 1TB [자급제],"1,887,900원",https://cr.shopping.naver.com/adcr.nhn?x=hU47V8eKX%2FK0%2BjMQiSTqZP%2F%2F%2Fw%3D%3Dsz0yVZhBZw01X8wDmyZRezuFspVPYqX0t88YZymX8XhRhJz9H0Ub4KLvuVTVtNMxMljY9u%2FFfTb0Rx%2Bc7lUq8%2BHIqYKVOZMG0%2BAx8th6BWUIhuMjXem73RsoxAoXg3CbtbfzVblJ6nLEB0UZXUjy3QMi30QtKP1mA7BYZPpxeJLexWvZfe2todmJfmpbNrXnqM3WLqq0EN7lRPuVNhhc%2BTLix7jXt7MNVc9AIu4EfDZlNEwRr%2B3STfYHGn%2FB5b3e4OF%2BI3QspIdaqZmbKYD%2BotCJFaHzS%2BoEEEeGofZSdJBVVXemfpmeX70wC2wQT5nyi5pxiwDZPU40LYzhHX%2FcRv3nELaKzGeghpl8asBIhFT8hIW%2Fufm4Ai1g%2Bbn5o8FWgvX82Y5Ils9cLeBDu1LyZByjZ%2F6Ij87DZw9nv%2FQ98kdCgIX25kXOk%2FUPdTKqFSCOqDgcKWP7TrEwfWP0fV1BFe4VbMzIyMAqoFnqnCl3vWSgPVL%2B%2Frl5PLPXtI0kaP8PkmKdeEMdUbtmzDI4Aa7HQcXwo4J%2BT6pYrLp6hEYPw6iupITTwIqZoux3w%2FDRMl%2FsPezdPirNIEhU3YcDKwV2g5Ndb8hf%2FbTPFrdSE64sDukxvU2Y6hEEwGxc1AZfON9sL4VRAH%2BsMDObarUodGweR8Q%3D%3D&nvMid=29029192588&catId=50001519
Apple 아이폰 13 프로 맥스 1TB [자급제],"2,024,900원",https://cr.shopping.naver.com/adcr.nhn?x=gFF%2Fdujdor2eT1sxBo2Kw%2F%2F%2F%2Fw%3D%3Ds5t%2BIE2LzWbXdk3yU0knh0guX6oWQiFTlb7IMI3kmq0RWQE1WikGGRjsm7ORTamZ7vyx9pLemjHYijHulYkzST6ununOMRyUqHl13UOdf59DxHHlbhs2BtRnWR%2F7wg7yZEU8ZQ4vgDfQ7jAWv%2FV5a%2FUPg%2F6PYJW9LpCSumzPJoiiI9aZyW4hhCgmcrsQhWGWGqB%2BYf8KVu5Lizs8e93TFS%2FKAXVfyDB1yTbVYYpYzcFnUHxlEatbmVq7jmztE%2FywsiKvXhJdc%2BtVpaEe2mP9SdTPDpGIrabitp2up06DaRfi54J8UO7LDGXdPU9Do8oyMXmq0wb8nQ9S1CNyVqQgAyGmfixPOhjyh23hsS679h%2FtqLzcRVswO%2FNXTrA15l4GNbF4OZVL2Q%2FcwuxYvViSTh3mn79WLmzchFcSw%2FMHe0GGcPfwzF9ktWcxdrcTtO8KUh7eRXhvx%2B18MP%2FzLgC0qJVOBpL3kKBeNwNuOk45o3IWB7sRajgsOdjuZGOI1mNDro64ifB9DVeZ8ffla9GlFdvOw2kXrwLnRLwg0WtAWR1izSR1MRfpvAxibd1SPnRwrEs8cFUTVf2EXpmSuc9bAhOqiX55jM1fIoH27gzf5BbnywMHXW8XWUdOkZdVjLEQ5HRyPBWbUFRhWScTsgQynPg%3D%3D&nvMid=29029192590&catId=50001519
Apple 아이폰 13 512GB [자급제],"1,359,000원",https://cr.shopping.naver.com/adcr.nhn?x=v6OdjZQDQ6xpL24SF9Kj7%2F%2F%2F%2Fw%3D%3Ds1vGfQ40hylF12m%2FTJFLJAX73aPROpL6lS%2FZYEFe7dkcbsBKbbjTB%2BBCjsLv6tz%2BjzEgOf8EjjM4gh6MmPsgbOART3tRh2OCGD8cRdtOP3DWhBuTkSIT6dLQKxoyZBJNkxj5p4PaUch9W1toWaU5hckgAn8lD2%2BxrgblrBqYwPdWug%2B9sjA7rHdeMLkY%2BwIMUMitlUrK3fytmuS7rXutm0DQZD6UDT51Dg8nNb9lI8fV%2BFLPJmN7kd5F0maTGsL0cp7Yi4KyCMY%2BsZticnQWDx2AlW3iL0yDXEjfsOZalMwPL%2Fowdnq7%2Fmfq67OVRzok0S5SJNLgIdS1XFCtZ5GETGEjZU1T8NkJV81N%2Fqar8ijpqAW3Mlr7y56XUUvh6vaCRDG4evy%2BM13j64UYOnhTyGQiyMS50HH1zP4CriMRlyVIGVJjQOIMS03m13YAnzFDQpOVXrumE0IYWoVbuYGHPlSGgI4zFgG5Liqop01AWGezlE80KNwbfNxekQsGJejRksTXhzeKkynwlV5iG42bUw5bygtiBeCQvO0LcNTloU%2BwHaR8JROhhJdL3IweMlrCDBBBpMFYH7i%2Fmxm9%2BXGJctbKvT43kXHeC57Ea90%2FcmG9WhZ3SMHTcLlpircdRzUgq1JIslBmdxaTx7xO1%2BPPoWw%3D%3D&nvMid=29030496586&catId=50001519
Apple 아이폰 13 미니 256GB [LG U+],"145,800원",https://cr.shopping.naver.com/adcr.nhn?x=%2FKsJaVE9g%2FhAAWq%2BdNKVbv%2F%2F%2Fw%3D%3DsCVb%2BHkq%2BWxdKW99I2rrOM43mH0KOD4jhJMiKarmtxBRhJz9H0Ub4KLvuVTVtNMxMtr9mSD%2FjA8MwX%2BZXIaMkaXIqYKVOZMG0%2BAx8th6BWUIhuMjXem73RsoxAoXg3CbtbfzVblJ6nLEB0UZXUjy3QMi30QtKP1mA7BYZPpxeJLexWvZfe2todmJfmpbNrXnq7r8%2BMjx%2B1KQXJkem2XwtE7ix7jXt7MNVc9AIu4EfDZlNEwRr%2B3STfYHGn%2FB5b3e4OF%2BI3QspIdaqZmbKYD%2BotCJFaHzS%2BoEEEeGofZSdJBVVXemfpmeX70wC2wQT5nyi5pxiwDZPU40LYzhHX%2FcRv7cvdciYHyIynxOVCdUqtfUhIW%2Fufm4Ai1g%2Bbn5o8FWg5HUJqI12Vlp80UoFc6QYeDaJ%2F5%2FslrugWDu2Hcct2uqgIX25kXOk%2FUPdTKqFSCOqDgcKWP7TrEwfWP0fV1BFe1sCXnT5UXlCQtowxOY7434EiaNfJtI8%2BWxAc1EGc8qsV5wvSck0MfgYLl2aZJDmmkpxEgWdOIL%2B8%2FWZl9tuYAPesXRSG9V%2FghLcRXrPa6hPZq5ieQIRcSos8l9CjsJM6iJ19hItDWzhP1mmQA%2FylPXHICEQpPL7Rm%2B2fyhjEhHR&nvMid=29030376589&catId=50000248
Apple 아이폰 13 프로 128GB [LG U+],"632,000원",https://cr.shopping.naver.com/adcr.nhn?x=SUzRh9rp99Kot5%2BqAGhE4P%2F%2F%2Fw%3D%3DslALJLZ8842oXXvkXC073IrH6wNvK8xjiE%2BQHjO%2Bidj9hJz9H0Ub4KLvuVTVtNMxMMCvYe6Cn%2Ff0ydkYTySpDfXIqYKVOZMG0%2BAx8th6BWUIhuMjXem73RsoxAoXg3CbtbfzVblJ6nLEB0UZXUjy3QMi30QtKP1mA7BYZPpxeJLexWvZfe2todmJfmpbNrXnqg7gKiQG8MTIItSW%2BDJaVQrix7jXt7MNVc9AIu4EfDZlNEwRr%2B3STfYHGn%2FB5b3e4OF%2BI3QspIdaqZmbKYD%2BotCJFaHzS%2BoEEEeGofZSdJBVVXemfpmeX70wC2wQT5nyi5pxiwDZPU40LYzhHX%2FcRv8uxT2EAtQ7qBfEl2nOwLdMhIW%2Fufm4Ai1g%2Bbn5o8FWg5HUJqI12Vlp80UoFc6QYeGqwAEIFjnVr2bGfG3X03g6gIX25kXOk%2FUPdTKqFSCOqDgcKWP7TrEwfWP0fV1BFe877wGwnVTDFn6xYgOX8vvsEiaNfJtI8%2BWxAc1EGc8qsV5wvSck0MfgYLl2aZJDmmkC3IgRhnFuMRSr7Nrm%2BWajDamim%2BTkfHK2Nuua%2BC5jExA8MSxRFPxY5yWF9GpEZIvjbcLsCNsTsrm3%2FhcuwU1lXc50eBITwugSNPH3Ok09sVpGw61BSdoQRvEGgfFlc5w%3D%3D&nvMid=29030175590&catId=50000248
Apple 아이폰 13 미니 128GB [LG U+],1원,https://cr.shopping.naver.com/adcr.nhn?x=pA7NIuQ2Qdn7Jw6hTgDgD%2F%2F%2F%2Fw%3D%3DsIaZHfjCVYZoalP3ZPQeL5wbM58ZqRJSzeD3hTFhjLhxWQE1WikGGRjsm7ORTamZ7JUpEyDzAJ%2FLOUXQW2xPPvqununOMRyUqHl13UOdf59DxHHlbhs2BtRnWR%2F7wg7yZEU8ZQ4vgDfQ7jAWv%2FV5a%2FUPg%2F6PYJW9LpCSumzPJoiiI9aZyW4hhCgmcrsQhWGWGJotMI0cao4vCmnMLYrRgWPKAXVfyDB1yTbVYYpYzcFnUHxlEatbmVq7jmztE%2FywsiKvXhJdc%2BtVpaEe2mP9SdTPDpGIrabitp2up06DaRfi54J8UO7LDGXdPU9Do8oyMXmq0wb8nQ9S1CNyVqQgAyGHKmOvtVuuopLU%2Fs73boq1qLzcRVswO%2FNXTrA15l4GNYd6P7bKnf6IN9iERvhRLC20dDnOIfR1s4DQoYd1bS26cPfwzF9ktWcxdrcTtO8KUh7eRXhvx%2B18MP%2FzLgC0qJUfTmu80PPs%2FMBPhnIzy5qsHyKwMIinsXLRIwPAEQA4X2UjohpK7sZyY83SOIj%2FwoFBQUyBp0wYHCUrmTra4onkRpOFzCbaM6OU97uoPifjrz9d2DWQIHvxVsBtj72KrvqiYSnkFGDlarhmjqPUiMVyCqA6%2BrrPkSkQjk3bFq%2FUy&nvMid=29030431586&catId=50000248
Apple 아이폰 13 미니 512GB [LG U+],"478,000원",https://cr.shopping.naver.com/adcr.nhn?x=cZ8oQLbfwQeuKFSKukZu%2F%2F%2F%2F%2Fw%3D%3Ds7ooIoKaJNLE6rtx060NLsCELKTDJpb4Fmb2MU1ihGDxhJz9H0Ub4KLvuVTVtNMxM%2FaN3ZoBQc%2FJeVKj62zayOHIqYKVOZMG0%2BAx8th6BWUIhuMjXem73RsoxAoXg3CbtbfzVblJ6nLEB0UZXUjy3QMi30QtKP1mA7BYZPpxeJLexWvZfe2todmJfmpbNrXnqmNCzWTrruETuuT6FCzP1m7ix7jXt7MNVc9AIu4EfDZlNEwRr%2B3STfYHGn%2FB5b3e4OF%2BI3QspIdaqZmbKYD%2BotCJFaHzS%2BoEEEeGofZSdJBVVXemfpmeX70wC2wQT5nyi5pxiwDZPU40LYzhHX%2FcRv6NIE9O%2F2tPDVAdQuVBU5qEhIW%2Fufm4Ai1g%2Bbn5o8FWg5HUJqI12Vlp80UoFc6QYePIolEnKzoJlkkPZ6YeUr16gIX25kXOk%2FUPdTKqFSCOqDgcKWP7TrEwfWP0fV1BFey%2Bgusqz4LfhruBMVu%2BMWacEiaNfJtI8%2BWxAc1EGc8qsV5wvSck0MfgYLl2aZJDmmhRsYVy8v3GVFElCjscQ3eDDamim%2BTkfHK2Nuua%2BC5jEaQCtKIYcD6bdISY3IaiE2J96lrhDC8cqKIs5OEwtBEZXc50eBITwugSNPH3Ok09sVpGw61BSdoQRvEGgfFlc5w%3D%3D&nvMid=29030419586&catId=50000248
Apple 아이폰 13 프로 256GB [LG U+],"761,800원",https://cr.shopping.naver.com/adcr.nhn?x=oFHTIaVrvzcPNcGwyaTIG%2F%2F%2F%2Fw%3D%3DstuqKSdazpMWSC0X9jdZiHlFdrQ8kJMaqShlmxB5vJp5WQE1WikGGRjsm7ORTamZ78Ooz4OTNfoHFx5Q8DUD6sqununOMRyUqHl13UOdf59DxHHlbhs2BtRnWR%2F7wg7yZEU8ZQ4vgDfQ7jAWv%2FV5a%2FUPg%2F6PYJW9LpCSumzPJoiiI9aZyW4hhCgmcrsQhWGWG1qpTT70Ggsw7BdaCH1Z5mvKAXVfyDB1yTbVYYpYzcFnUHxlEatbmVq7jmztE%2FywsiKvXhJdc%2BtVpaEe2mP9SdTPDpGIrabitp2up06DaRfi54J8UO7LDGXdPU9Do8oyMXmq0wb8nQ9S1CNyVqQgAyAKoHnIOxHd8KRoetKq7gP1qLzcRVswO%2FNXTrA15l4GNYd6P7bKnf6IN9iERvhRLC8G68m6sa%2BveW%2BZsaubJ0KOcPfwzF9ktWcxdrcTtO8KUh7eRXhvx%2B18MP%2FzLgC0qJXTg%2FsEJVpHzqP6kybO7iXkHyKwMIinsXLRIwPAEQA4X2UjohpK7sZyY83SOIj%2FwoPTgi4x5roOQg%2BCJZomOnHVPwCXFJiRdosf3os3K%2FWn13MXchoqE%2Bc%2B2SXqK7OZon4U1UOUIPK8SJ1mEAFY02sDNjqh%2FZemCCOboDhnweAmG&nvMid=29030415586&catId=50000248
Apple 아이폰 13 128GB [LG U+],"383,000원",https://cr.shopping.naver.com/adcr.nhn?x=iKF6%2FspMa2KGQD9mtu%2FgJf%2F%2F%2Fw%3D%3DsWmKz2xa3DzKniT4%2FRWYHJnkvdDhRexm%2Fn07ljT6mdthhJz9H0Ub4KLvuVTVtNMxMjDG%2FfU3HNHaR5TsbEF3Cm3IqYKVOZMG0%2BAx8th6BWUIhuMjXem73RsoxAoXg3CbtbfzVblJ6nLEB0UZXUjy3QMi30QtKP1mA7BYZPpxeJLexWvZfe2todmJfmpbNrXnqYKFZZuluUMYgcwBfGEHeObix7jXt7MNVc9AIu4EfDZlNEwRr%2B3STfYHGn%2FB5b3e4OF%2BI3QspIdaqZmbKYD%2BotCJFaHzS%2BoEEEeGofZSdJBVVXemfpmeX70wC2wQT5nyi5pxiwDZPU40LYzhHX%2FcRv7UQZaBZHOw84MYzGzq2EiYhIW%2Fufm4Ai1g%2Bbn5o8FWg5HUJqI12Vlp80UoFc6QYeNQqTo7S3YadJzlDs44dNdCgIX25kXOk%2FUPdTKqFSCOqDgcKWP7TrEwfWP0fV1BFe07hmrx%2BVAbS%2FSdadVwoJvWaU9qNqKx0Qc11MwuBOlFmrao8qS4hfxVZCl5WtKd9ZxO9L%2FU7uL766V3FzedQwwZicchwRNwmJ84TyxvjggzF1nj%2BPEfqo%2BcWzoQQT3wngWzXggDfdgSuGbfZzjeRv9gOEsHC78VBLnFZh%2FnDobeN&nvMid=29030372586&catId=50000248
Apple 아이폰 13 프로 맥스 256GB [LG U+],"959,600원",https://cr.shopping.naver.com/adcr.nhn?x=iOU0N%2F62OvVjlT9UOyy7H%2F%2F%2F%2Fw%3D%3DsXUjkRs%2BiSAqlc%2Ff%2FogffdzxNSK0g8O61Y4HVyMBpbWEXfmlaZeQqomjdtI9e3qsmapz35fAvnWhRXXxUFXo2F8DWV6apDsgT8lRk%2F2AJguk9LCaV5pa52cMlfnE4sgQnO%2BHs29FO51JMMy8bRU6uBMOmY27ZGze0Q%2BtXRlM4OxtFSICBvI1ATDFN58yC%2Fe2xqSFFtGqZ4SO%2FZCdEAQNyVMdAmfSN83ChOoIPfneWzCavS7fnn7TEzbGYEdK0StlzQCkSpR01s3ZLu%2F9iPIQNuaLj%2BvSXPWhKT0BbyrMWxS%2Bk6v2w9jBqMGR4TTsgYaQnlII%2ByYYqWVu3SSXxcjEJdIFVagOxDMZpJZgVlDuMGYI6JIeyjRJJG8AQSjlBThBK%2Fkpsg5AguUQPduruz0ll4Y%2FskBRmN3i8oAU582f4wewiNvEAyH7XT6ObGe95mRdUsw%2FEBFoDxdMAZ4HSpGP%2F1tL2yaoxAGlqznjSfaC69RlPJ5Cu9OOR3XG14JdkLoZkQbJE2qH6sAOiEA%2FCWTmW%2B%2Bk8O6y1hB0QAiFfygRV3kR%2BvmRlJDakNCICZYV%2FFjzeuAa%2FrcsBPDM%2B%2BxhTPvlajo8BQryGrmArJtP%2BLNFCsuxXc50eBITwugSNPH3Ok09sVpGw61BSdoQRvEGgfFlc5w%3D%3D&nvMid=29030190586&catId=50000248
Apple 아이폰 13 256GB [LG U+],"502,000원",https://cr.shopping.naver.com/adcr.nhn?x=SMW96TV%2Fit1qU1RFFwiJ2v%2F%2F%2Fw%3D%3DsswhmPRYpnmI%2BPmU2p4vyUE7u%2FyvnkSqknLcfFQnqEUcbsBKbbjTB%2BBCjsLv6tz%2Bjeh72dhoy34IQ1xBD1jLXsr6LEhHtiY0jENQZlUgdXjWhBuTkSIT6dLQKxoyZBJNkxj5p4PaUch9W1toWaU5hckgAn8lD2%2BxrgblrBqYwPdWug%2B9sjA7rHdeMLkY%2BwIMUOYQbPHRk7gx3HlPTUxI7DDQZD6UDT51Dg8nNb9lI8fV%2BFLPJmN7kd5F0maTGsL0cp7Yi4KyCMY%2BsZticnQWDx2AlW3iL0yDXEjfsOZalMwPL%2Fowdnq7%2Fmfq67OVRzok0S5SJNLgIdS1XFCtZ5GETGK7dbHpK%2FveQ50qux6Z1pzszyuCI6o%2FQMzOvn4BhkcbRnuI%2B1Uju%2BRLjWLfBBmiitLmyZeSqqBHMFkutnkb8hqDdcKGS8K3v9HOi3wvF0LzmpOVXrumE0IYWoVbuYGHPlfGaapYga7HBhJBzvlCStfgZyVXP8MBx51PcdtMFtsvBK2ud1b%2BfZwYPU0n%2BzLfOdUGzmd%2BGSX6rv%2Ff2sUsZc6qtqaMHAJkj0DAJXiYJNZCZvuOHB2MccAhhCzN9jPxoRhY8T%2BJ8Y%2BZpHqd9Nu9%2F4JtoaKZHilHbuauHUigNM5KA&nvMid=29030189588&catId=50000248
Apple 아이폰 13 프로 512GB [LG U+],"1,111,600원",https://cr.shopping.naver.com/adcr.nhn?x=5d0aYmlSZ%2Bm2WVR47WZ%2FhP%2F%2F%2Fw%3D%3DsHGaBdtt3c96Nf%2FlaP%2Br%2F9MgHVSN6BX05zAcuETeYbRthJz9H0Ub4KLvuVTVtNMxM9LjDzIxqwKaS%2FAPRwnLtLXIqYKVOZMG0%2BAx8th6BWUIhuMjXem73RsoxAoXg3CbtbfzVblJ6nLEB0UZXUjy3QMi30QtKP1mA7BYZPpxeJLexWvZfe2todmJfmpbNrXnqIsGCGgJXjOrApw75v82D8rix7jXt7MNVc9AIu4EfDZlNEwRr%2B3STfYHGn%2FB5b3e4OF%2BI3QspIdaqZmbKYD%2BotCJFaHzS%2BoEEEeGofZSdJBVVXemfpmeX70wC2wQT5nyi5pxiwDZPU40LYzhHX%2FcRv03XGuJLzkVfLCJbyU3vzJghIW%2Fufm4Ai1g%2Bbn5o8FWg5HUJqI12Vlp80UoFc6QYeK8W7ac4MQ777vBveMTe%2BcqgIX25kXOk%2FUPdTKqFSCOqDgcKWP7TrEwfWP0fV1BFe9zC5Ok%2BGRIgi5WcssAqmuYEiaNfJtI8%2BWxAc1EGc8qsV5wvSck0MfgYLl2aZJDmmsGPuMys5TB40uUow1r%2FWyxJ95SNB3LVReEIm9wvvRMT0ySvEtvTZUsP%2B9zg2kp08vJOV4%2FjHTaLiMCC3%2Fm%2BteNWhZ3SMHTcLlpircdRzUgq1JIslBmdxaTx7xO1%2BPPoWw%3D%3D&nvMid=29030295586&catId=50000248
Apple 아이폰 13 프로 맥스 128GB [LG U+],"818,100원",https://cr.shopping.naver.com/adcr.nhn?x=dcRr3yHf7uPhvS013wMvIf%2F%2F%2Fw%3D%3DseG6jPDJKAe6K1ZVYZzJuU1EFMMhoX4MRZBAd6lHbCyphJz9H0Ub4KLvuVTVtNMxMDmQOUAJmOhZGiqfo4g%2FyxnIqYKVOZMG0%2BAx8th6BWUIhuMjXem73RsoxAoXg3CbtbfzVblJ6nLEB0UZXUjy3QMi30QtKP1mA7BYZPpxeJLexWvZfe2todmJfmpbNrXnqW6RWFOvR2FN0g9uRh450ELix7jXt7MNVc9AIu4EfDZlNEwRr%2B3STfYHGn%2FB5b3e4OF%2BI3QspIdaqZmbKYD%2BotCJFaHzS%2BoEEEeGofZSdJBVVXemfpmeX70wC2wQT5nyi5pxiwDZPU40LYzhHX%2FcRv2pvuo5Macbh%2BTne2W41UKQhIW%2Fufm4Ai1g%2Bbn5o8FWg5HUJqI12Vlp80UoFc6QYeFAwQoRgC339I9STwi4QoBCgIX25kXOk%2FUPdTKqFSCOqDgcKWP7TrEwfWP0fV1BFewstxKXYfuaTY89uFKbdXCBnNIpXZ6JpFuXu4mDB8qpphOBUHb0ZqO6MTkr8MsJnIYRnFa3gQRfPn0pBtj5EKzSegaC%2FjIawpIIM%2B87%2F9KAdEs8cFUTVf2EXpmSuc9bAhN7w7I%2BCPmwzV60X8PRlXv97V4OJPCLUyPLk52qgX1JvHRyPBWbUFRhWScTsgQynPg%3D%3D&nvMid=29030352586&catId=50000248
Apple 아이폰 13 512GB [LG U+],"902,500원",https://cr.shopping.naver.com/adcr.nhn?x=sQpY%2Fzi3EQMwpx12KPnW4%2F%2F%2F%2Fw%3D%3DsLXVj8FWO4TFYJAtB8kNSkKwKWEW8rqIbdsbJnqckj8IbsBKbbjTB%2BBCjsLv6tz%2BjIwA3QR%2BOTwMI8g4hNQ8U3g586fi85Ck1OynW4%2Ba7%2BjWhBuTkSIT6dLQKxoyZBJNkxj5p4PaUch9W1toWaU5hckgAn8lD2%2BxrgblrBqYwPdWug%2B9sjA7rHdeMLkY%2BwIMULoBLs12Lbdpvne%2Fi0%2BJ%2FgTQZD6UDT51Dg8nNb9lI8fV%2BFLPJmN7kd5F0maTGsL0cp7Yi4KyCMY%2BsZticnQWDx2AlW3iL0yDXEjfsOZalMwPL%2Fowdnq7%2Fmfq67OVRzok0S5SJNLgIdS1XFCtZ5GETGBPkgHrTtwFtZtZYoZgs7XsldEH49tAHEMJ%2ByIbUEzzjnuI%2B1Uju%2BRLjWLfBBmiitLfQD6Hkd%2BZrumekvCYf4UgGVJjQOIMS03m13YAnzFDQpOVXrumE0IYWoVbuYGHPlSGgI4zFgG5Liqop01AWGewZyVXP8MBx51PcdtMFtsvBK2ud1b%2BfZwYPU0n%2BzLfOdSxkQVokVVyMyNRLJcMAdPCtqaMHAJkj0DAJXiYJNZCZ%2Fqxv%2B4YHAeo9Bk3YXMvMbMK%2B%2FLh4blUGSfJ2rsqTT3poaKZHilHbuauHUigNM5KA&nvMid=29030296586&catId=50000248
Apple 아이폰 13 프로 맥스 512GB [LG U+],"1,321,000원",https://cr.shopping.naver.com/adcr.nhn?x=GNs6%2FJUOo5z5I2IuPHNPTf%2F%2F%2Fw%3D%3DsZbI%2F4g%2B5ODRPY3knEVlcS3pLUEzh6S0CaoBb2MQTAmthJz9H0Ub4KLvuVTVtNMxM8LXAJBR%2BEprLyAXwiiQCtXIqYKVOZMG0%2BAx8th6BWUIhuMjXem73RsoxAoXg3CbtbfzVblJ6nLEB0UZXUjy3QMi30QtKP1mA7BYZPpxeJLexWvZfe2todmJfmpbNrXnqC8G1K0WqC%2BMx%2Bsb%2BJ3EYX7ix7jXt7MNVc9AIu4EfDZlNEwRr%2B3STfYHGn%2FB5b3e4OF%2BI3QspIdaqZmbKYD%2BotCJFaHzS%2BoEEEeGofZSdJBVVXemfpmeX70wC2wQT5nyi5pxiwDZPU40LYzhHX%2FcRvwTME6ybhr%2F6iLAe5KFpu7whIW%2Fufm4Ai1g%2Bbn5o8FWg5HUJqI12Vlp80UoFc6QYeNpc0SAXhor%2B1NVF30UAV3igIX25kXOk%2FUPdTKqFSCOqDgcKWP7TrEwfWP0fV1BFewstxKXYfuaTY89uFKbdXCBM2%2BNk8Z0%2Fb2S7YotWFg8PhOBUHb0ZqO6MTkr8MsJnIRt%2F8fhw9EkKOk7Vg%2F4lkeYU%2FQO35UDTTr4%2BPproy0IZEaThcwm2jOjlPe7qD4n464kSBc6QUxMyLg5At7lDpE0OfIAzeRzVdomQ1y6bkMfUgqgOvq6z5EpEI5N2xav1Mg%3D%3D&nvMid=29030181590&catId=50000248
Apple 아이폰 13 프로 1TB [LG U+],"1,426,200원",https://cr.shopping.naver.com/adcr.nhn?x=r3b6NkxIuNO%2FzMPHhONw2%2F%2F%2F%2Fw%3D%3DsXo96%2FlaoFNRylLcgx6K14d2rRxdy7Aq%2FO6DoF%2BlP7e9WQE1WikGGRjsm7ORTamZ77CjfPWMD5G6ghtPxwTHg0qununOMRyUqHl13UOdf59DxHHlbhs2BtRnWR%2F7wg7yZEU8ZQ4vgDfQ7jAWv%2FV5a%2FUPg%2F6PYJW9LpCSumzPJoiiI9aZyW4hhCgmcrsQhWGWGSTPU5ABzv3XWI4RtHnUCp%2FKAXVfyDB1yTbVYYpYzcFnUHxlEatbmVq7jmztE%2FywsiKvXhJdc%2BtVpaEe2mP9SdTPDpGIrabitp2up06DaRfi54J8UO7LDGXdPU9Do8oyMXmq0wb8nQ9S1CNyVqQgAyPW0rETiqbH0dJKRhEhs44FqLzcRVswO%2FNXTrA15l4GNYd6P7bKnf6IN9iERvhRLC9sUX76dSdo1OkbacppkZEWcPfwzF9ktWcxdrcTtO8KUh7eRXhvx%2B18MP%2FzLgC0qJW0RgKJvckmX%2B42Q7I%2ByApb5YbLlxragaaIQX6kJDBj8D6QkZjCZcMNTR4jeTmX45Xdz6Z1E6UqeYps4AB94adatqaMHAJkj0DAJXiYJNZCZuzXts3DCgq06yjCi%2F5ZLLYjrh0DX7%2FLr1pyIQvN%2BTkxoaKZHilHbuauHUigNM5KA&nvMid=29030294586&catId=50000248
Apple 아이폰 13 프로 맥스 1TB [LG U+],"1,580,200원",https://cr.shopping.naver.com/adcr.nhn?x=8OApGCTzZAbOF5xzA08wuv%2F%2F%2Fw%3D%3DsGqM%2BspowUtHiMhdKsAnkXaob346F4%2FYiDAkI%2FOjnnhphJz9H0Ub4KLvuVTVtNMxMXsTZGLG14%2FocwXAhsgI1nnIqYKVOZMG0%2BAx8th6BWUIhuMjXem73RsoxAoXg3CbtbfzVblJ6nLEB0UZXUjy3QMi30QtKP1mA7BYZPpxeJLexWvZfe2todmJfmpbNrXnqtEOmvpx%2BMqvJh%2Birm3Rmqrix7jXt7MNVc9AIu4EfDZlNEwRr%2B3STfYHGn%2FB5b3e4OF%2BI3QspIdaqZmbKYD%2BotCJFaHzS%2BoEEEeGofZSdJBVVXemfpmeX70wC2wQT5nyi5pxiwDZPU40LYzhHX%2FcRv9DF3hwKBzfJyYmmLs5bC8AhIW%2Fufm4Ai1g%2Bbn5o8FWg5HUJqI12Vlp80UoFc6QYeB3%2BNIRKTe3iad3gn68z1tugIX25kXOk%2FUPdTKqFSCOqDgcKWP7TrEwfWP0fV1BFewstxKXYfuaTY89uFKbdXCB8knbai84Xn18Js0Ygo9Vy8jR8gVF8FlQ9pItE8Zzc8quCQ1Le9fgHZQr5Xt9s%2FN3bDV%2BGey%2FQXEudjBviaxv4jr%2Fvhuz%2FM2bOeEg7k3nONT9MZoobK7M4TmGGElJnWlPAjvHbKujLraF8ZWxiIpqOQdAiJdwXirBRdnaxfvrBbw%3D%3D&nvMid=29030181587&catId=50000248
Apple 아이폰 13 mini 자급제 128GB 핑크,"891,270원",https://cr.shopping.naver.com/adcr.nhn?x=J6tN%2F4TEGGBizKsSLiMHH%2F%2F%2F%2Fw%3D%3DsbNpWZwuUssALxZgVTwIGmi2Dsxu14tdPxXuL1nGpA9BhJz9H0Ub4KLvuVTVtNMxMGIK4T2aVr7r9dC5FcG8XAnIqYKVOZMG0%2BAx8th6BWUIhuMjXem73RsoxAoXg3CbtbfzVblJ6nLEB0UZXUjy3QG3JzeXxkSdTecfUR4%2FvRQjd%2BKwjnmE8nmku4yNhWgwhmfLAARyRl0caaiEG3Q2bq9D4xCf1yKuZGZlWoMqRNxSqp7TyVOBRuK8g0dCsXCO31yLwpMv42Y4%2FD4lET2D85KK5uUEs%2BqMGnIyvfnClDLAFrGqhvj5oTgZ7LCONNGp0dtDFoHGHlXMyT9H6ai%2BkMIBsJjzV%2F3vl5Lmd9HbkUGI%2FzdYC%2FwYAihDQzAs9Z5v9eaezbNexTX4vh5xPzEaphz2M3mI0cjzy%2FkCMStsf8pC9fzZjkiWz1wt4EO7UvJkHtBfhQpveetBJ22Ab5F%2BzfUtB7vhOx0nxSI7ZizhQJ8uN4%2FbarDGulZ7nI%2BlTukuYR6LHkW4HERjxr6Asf%2BUX4UggRZVZxJOkOmvSRE%2FjyJClkX647Zdjjw9%2Br5Mcvp%2BauEgoZmL0RE5aZ98WbkwHFqMSp%2Bdw%2Fi5OHOIaeQ%2B0gtVNdNFaXyvSNuSlP1AmYk6Z0bXAt9x%2FUKPfLfTOUXCdfIskEHSJOItNoIDpRZ7S%2BzsdHI8FZtQVGFZJxOyBDKc%2B&nvMid=29619937553&catId=50001519
Apple 아이폰 13 자급제 256GB 핑크,"1,168,500원",https://cr.shopping.naver.com/adcr.nhn?x=1C9CE1iWYl2XCCZxXE%2BDbP%2F%2F%2Fw%3D%3DsGIXq3Sbq4J28tfz1Z6yHl8kwvULtnHkLFMFuT29d8HYbsBKbbjTB%2BBCjsLv6tz%2BjNAKXjqFLUqaZ1xrkLg1xMK%2FRhQ3cYAFGKxoqIQ%2Bv%2BjahBuTkSIT6dLQKxoyZBJNkxj5p4PaUch9W1toWaU5hcnULJJH%2BMKqMyaVu%2BUeO3m60%2B85WmSKK5LY2dJjcChMGEH%2BAaYhDPzU3ewm5W9RQFe%2FnI3Hg9RH4gJ1st0gLvsRLYwI%2BzV%2BLV9pbZYyYzf8VVMaaCnplpQ3O5KzC6zSA%2B7S5nP%2B8vPWPfSBwfu8dRnX%2Bqli%2Ff7EjatZaDzU7kTXHVEITESqvBa8gaydOWG26hcOmY27ZGze0Q%2BtXRlM4OxtarJoVrbEtunAYIkKGowOqovr926QUZa2dLiDz88LKh6x2ihatxEdWwJUPIqLXn4cMbh6%2FL4zXePrhRg6eFPIZsehEZbNmQ3FuQvctjcE2ST6FURihOvVNK6%2BarovFEXabeybS%2FJS7KxefviT1VQ9NklQfeGzfkb6SzbSTnuqGgLuqFL2mv4zYJSCfYjQAssZ1Mx8FEceX4AKLQwemv4gfNAuAlJ69nwfgwj4PAh2Ba1OHD5EvXX%2F58dbJfNIJMM5DLpBGLZ0j%2FMpyMMZQ66w1z%2BolAUVC6Li1lVvrlelL7mS%2FBl5T%2B7ZFO5CVVgNUUsIGruH08DlKshetxY8KUEZb&nvMid=29064755783&catId=50001519
APLLE 아이폰13 미니 128GB 미개통 미개봉 새상품,"710,710원",https://cr.shopping.naver.com/adcr.nhn?x=RmDtoePRCrR1B8hOG6yuWf%2F%2F%2Fw%3D%3DsvcGk%2F%2FmlpPD1i7KFm7wrrA0nBDjZ%2FXOUaCstuUQX5uMbsBKbbjTB%2BBCjsLv6tz%2BjpmDoTadulg88U6dkzBx4t7bbUbDMkrFjeQUVQ%2FyivH2hBuTkSIT6dLQKxoyZBJNkFVdOQpPLHpHgU%2BW1B%2BW%2Fey8ffQLw1x%2F8Lf5s6Y8TBIHXkj%2BZW%2F1lJfgqvRvZaBhRdryen3P8FBBy9he%2BojQCSGVeUlICq1NeyVOaf%2BFxZcxtjt3BQyHHND5T5zVmN%2B31dtDFoHGHlXMyT9H6ai%2BkMIBsJjzV%2F3vl5Lmd9HbkUGI%2FzdYC%2FwYAihDQzAs9Z5v927IT1tr6oMlnWRY5DsKY8d56e8FhialbFpMXVc68wrHjYL9zupFN69A4V0%2FYKWCfSPkvg2i%2FXGwLrcuqu8p6d9ole%2BmQ%2Bo5ZnzOpwaV1ooO4SQFFVtotOa7WWO1vpH93mtNbpCtVQJOW%2BVYCbpdM%2FTI4fEQmp0aDEwHhk%2Bk%2BqrE7pQVzBu1lVDTRj7Meeu%2BXr5rrtabV%2FVkT3exvb2vy3uxXgk%2Fpp8kLXlZSqLBhKNLL07boOLwoxL6IajskM%2BfZQ1am8HenCgc%2BmwiKdBMR%2FF0lRTs0qjDwqHn5TVov5aPNjqh%2FZemCCOboDhnweAmG&nvMid=29003990842&catId=50001519
아이폰 Apple 아이폰13 미니 128GB 구매가 24만원,"246,000원",https://cr.shopping.naver.com/adcr.nhn?x=n%2FsSAByc5oIhU1q3xzAym%2F%2F%2F%2Fw%3D%3DsTqrpHqLwti3ZvAiL7yCg%2BWarLrb%2ByPtDau%2Bd3sRqoPVWQE1WikGGRjsm7ORTamZ7JLS8OtKMLbYVGdY%2BLv1%2FyKununOMRyUqHl13UOdf59DxHHlbhs2BtRnWR%2F7wg7yZkjYoziY3ucBDWSWE1iFRU5xspcflZYjogUa%2BtzON8Ln2UH1RiEW6vY1FWnWOVWrQ84EcMY1WiED3LO8B9%2FwPkVTwPM7%2BwfrJukoPSdFncJtgJVt4i9Mg1xI37DmWpTMDy%2F6MHZ6u%2F5n6uuzlUc6JNEuUiTS4CHUtVxQrWeRhExin%2Fua4nhtLVsmKj8R66COgG0c22Y%2FUvyJMf9YRjJFJxP9F%2FIBQQYa%2Bq5505OTatqyrNzBc5X%2Bx00jPtnU%2FNcT%2FSGvyA3Mo4deUUDeSDOc2k3%2F2f3u%2F4lsX4mEsCTXmoWs7xbbH7oY5TjiGNj4vbVukgJQDEiSnTZ5mE8mcSmczKLca7yxnnmK8Z%2BH2XrkA9Nqx34InktBqlmO3wO8sEx4Lw6F3%2FSX7OR29A%2B2WhtN07S6CIOHlLyf7tFzQx427OB3QOVg0tadr4sMI%2FnvGTb1ggBql7yT2o1UMbLBIBFJ2NuR79U%2F6Az3gE9mQ%2Flgn57E%3D&nvMid=29860284145&catId=50001519
Apple 아이폰 13 자급제 128GB 블루,"1,035,500원",https://cr.shopping.naver.com/adcr.nhn?x=%2BTWbM%2BOlbHB6XSDNKS5kF%2F%2F%2F%2Fw%3D%3Ds2XL%2FMc89fkbDf%2Ban2l5b7Ajeur1%2FebnXXRRrRSuUHK9WQE1WikGGRjsm7ORTamZ7uxtjs9l1pRkwOUO50W5EPaununOMRyUqHl13UOdf59DxHHlbhs2BtRnWR%2F7wg7yZydYhGmKt0RLPzx%2BP11RRonzmYN%2Fcvl75AGnByk2TjWEm5OY6%2FBA05LWPXaqTF3xXnI3Q%2FuFm111yFJnQ1iq5B%2BLVKHEOPeUzp6G3G8y7cPNDOnpYUYxjU%2Fyaq3BbaEwsJLnKOMDqeReprYHAqWsVcnMKoQpV%2FxBo5fzRc7UtvB0ESepBmYTV7spSiePQFRmXWDuAJuqZbGlx0juudI9chT9rXyqENDUD8omnd%2BAEOivf3Vb8LXDlJWzaxi1N0VJ6Zb1wP3BJtGHt8l6LVYOPIMwbTEAr1wVvO2n0AgOB91JsXg5lUvZD9zC7Fi9WJJOHecFg1zlqPtTXba9wzyfxgtSXUxvoKYPFHUCS1w8lsqdBrensRLLQnAkMWBGYELbNMGaOHdZOou2YwhPTLsIfSayfV%2BVAeikbDRMa6LtWZwskHs9JSOyUE0tbQFz42S8fU%2FnKKG%2FwscvpDXapBgmG0mU3N0kWCShHUw4vdlvoRYVS%2FeZGjWfgJHLrn0fL0IyFgx7jN1lXKgt6oO%2BaelOqaVdznR4EhPC6BI08fc6TT2xWkbDrUFJ2hBG8QaB8WVzn&nvMid=29619782067&catId=50001519
아이폰13 미니 256GB 자급제 새상품,"859,700원",https://cr.shopping.naver.com/adcr.nhn?x=jqsNzr1WAAfhYg5RBQib9%2F%2F%2F%2Fw%3D%3DslfRFwm5gel7VPzxSRtbVMeakQRyTZxFQAQm%2FaRT9eQpWQE1WikGGRjsm7ORTamZ7uFpamxTSmzBWV%2Bb8D27BkqununOMRyUqHl13UOdf59DxHHlbhs2BtRnWR%2F7wg7yZpC4kpY3NlT%2F%2FfobUM4f2Q7D9cbDzdvBhYP28y8rhu4mr9N9rARz1GwL8SD%2B61y0r2VCGa%2FHSFzA4AV3M4dONgrV2Hypu7iHcsOrhk8bfSURs%2FDUxe8hIAGO1qhEpc655VhF3l8Emrmz7tKlGsUHzz2vqR2unsG9Pw6XBns%2FftjJmn%2B6FVZ%2Fm0w7K7lHYQAO7Lo7Pv5KtVBR1Rak672YtV1d%2BqILAG09hjAR1K3qLYkBG36ingYHgLB2945ggUnopCfD8hbsDOgSCGl%2BxT3B6TaDPSFYORZXI8IVKbPEbyKgmCQMKMydX%2BQcPwMhnScYmG8lr6qHsmlrjG4Qyn5nkqWziRKchRP7e3BGwIIlEt%2FnzYJeedR3v8jON1iaNFpv80v8lgT3%2BzyoYZSzunwYauLNXYN4RH%2Bfpe2EwcGrx5OLZhlIIyHzEKsKiXwWvrjaLnr1ALJLpDdK0Wtp7R%2FggT0HQIiXcF4qwUXZ2sX76wW8%3D&nvMid=30078510937&catId=50001519
Apple 아이폰 13 mini 자급제 256GB 스타라이트,"1,035,500원",https://cr.shopping.naver.com/adcr.nhn?x=IHK0mDWXifG2vJ1NvQ4lo%2F%2F%2F%2Fw%3D%3DsF6tPNMVGadEg48G63cArEV1x8O%2F9O0zqnfe%2FdSCU36xhJz9H0Ub4KLvuVTVtNMxM7yfiHDMv034u%2BIsCa%2FFxgHIqYKVOZMG0%2BAx8th6BWUIhuMjXem73RsoxAoXg3CbtbfzVblJ6nLEB0UZXUjy3QG3JzeXxkSdTecfUR4%2FvRQjd%2BKwjnmE8nmku4yNhWgwhmfLAARyRl0caaiEG3Q2bq9D4xCf1yKuZGZlWoMqRNxSMe8FYthkPobGNA3JnvaJZS2kPTbBElyXuNH3IhEjfwKK5uUEs%2BqMGnIyvfnClDLDsSB23mLSxPqdI%2FGxVddyYdtDFoHGHlXMyT9H6ai%2BkMIBsJjzV%2F3vl5Lmd9HbkUGI%2FzdYC%2FwYAihDQzAs9Z5v9KB9p7UK2amAXevJtOWS0Wz2M3mI0cjzy%2FkCMStsf8pC9fzZjkiWz1wt4EO7UvJkHTs5g0dljgRZ2nfcoLc7W60tB7vhOx0nxSI7ZizhQJ8uN4%2FbarDGulZ7nI%2BlTukuYR6LHkW4HERjxr6Asf%2BUX4UAstQWw8%2FXALV7cmSzF7BBXpycH7JYwLLGPXute%2FyKuL3aXMZghk2CNFMEpXJGpCJA4E2XSLoOFARqT14CDIuTCkd2CpQ%2FahgJeoF%2FR72TukMCD5JRle%2Fol4gUKtuf3bOUHh9vsVEB0N4q89WZsFZtWhZ3SMHTcLlpircdRzUgq1JIslBmdxaTx7xO1%2BPPoWw%3D%3D&nvMid=29056389772&catId=50001519
Apple 아이폰 13 mini 자급제 256GB 핑크,"1,035,500원",https://cr.shopping.naver.com/adcr.nhn?x=sUahCrii3BgNXDNYwaG9Sf%2F%2F%2Fw%3D%3DsdhYJaVT2RupNu7ZSQh9V4iaKJ8nCIQLFYej1W988CotWQE1WikGGRjsm7ORTamZ7P0TjQNh8029naS8ehLWT1aununOMRyUqHl13UOdf59DxHHlbhs2BtRnWR%2F7wg7yZydYhGmKt0RLPzx%2BP11RRonzmYN%2Fcvl75AGnByk2TjWEm5OY6%2FBA05LWPXaqTF3xXnI3Q%2FuFm111yFJnQ1iq5BxkZ7hw%2FtxVhT2jrdwZs57zZ8xWORluCSTI8I6r7h1xK6kk6ZGtD96iRw55GBYR9DBrt4JMenQXuEMAeojVWpXen0ZI%2FZrjHa2beJGZxSMd9WDuAJuqZbGlx0juudI9chT9rXyqENDUD8omnd%2BAEOivf3Vb8LXDlJWzaxi1N0VJ6BiE%2BBP74p5pbPDZ4FxjsSswbTEAr1wVvO2n0AgOB91JsXg5lUvZD9zC7Fi9WJJOHfauvmtrV%2FDosTLj2HSxMXNSXUxvoKYPFHUCS1w8lsqfnyjVFbRvWzRWGN2ItEJk2D8AVpBq1GcX6c%2BWybvU7FsgcNFCGmdJ9NbBC6YgHMkgfksuHl5HZ5LZhnvs9wZ4vWl5m2rLiTBFotZdGCvstK4OuAKV6RXG1Is03XJLviBepXJWHPwgqoZSVP7OlznQ1eUJsxd5%2B3hT4Ys71IbviU1rJefoOJbmkO4BD9YMbmM0NUJgJp6CUXauCvW7Y5AjN&nvMid=29064819083&catId=50001519
아이폰 13 자급제 128GB 핑크 MLPH3KH/A,"1,046,727원",https://cr.shopping.naver.com/adcr.nhn?x=zBNBR0323%2BpmBSoExaTVr%2F%2F%2F%2Fw%3D%3DsHgW1BGwTZ85z07jEAAAXC6H55qg%2Fr0roRfBY2LfUeT9WQE1WikGGRjsm7ORTamZ7Cc%2FaZACDorPikdCjTqPNtqununOMRyUqHl13UOdf59DxHHlbhs2BtRnWR%2F7wg7yZpC4kpY3NlT%2F%2FfobUM4f2Qz4X%2FMOBzrhC5G4mTiyCCYa8b2GJXKCmb6euH6loXMaaLZlKJXMDQxj8AP2Z7H1H4IYZinJnrZA5ah0dI%2Fv0MOxCz4%2F64xZ3yyKA7bm0PxSkRS8PGR7BXWLuitV8QARI1jR6BBxcdE8aktB10fpsbJSbZNuwZ6oa7mKYSanHA7YIQ%2BD%2Fo9glb0ukJK6bM8miKArsK1DNlYuW6vX8WB7j4SlV%2FThVANSoutLalhGNliHsdhtgPq3y5iobc5E4eksViAxuHr8vjNd4%2BuFGDp4U8hlR5LDt0DydbrYqbtnZ%2FG8JSiNfeDt8lRkZEwCruTWU59771hf%2FtyX%2BALyxTbbJMthg2jFHhfvOqWNgMtfsIKACm8atjZZfDWVZIBtUUQFQh6WRfrjtl2OPD36vkxy%2Bn5oyTck5toGgj6iv6odxFa1msc3nBM7CpyFqWktKFZk114YC%2FbED3GC5WQIkmmh93e7PL9mYTrR%2Bsbt5qVh414BFS2YbBNYdtBkxH6aAa%2BkaVIKoDr6us%2BRKRCOTdsWr9TI%3D&nvMid=29609866919&catId=50001519
Apple 아이폰 13 Pro 자급제 512GB 시에라 블루,"1,636,800원",https://cr.shopping.naver.com/adcr.nhn?x=4Zc0LXsicWz7iUHhvf6u%2Bv%2F%2F%2Fw%3D%3DsYOmUQQPQbHTgWbX69SaKykQH05y%2B5d6WWUAp38WdkqJhJz9H0Ub4KLvuVTVtNMxMR4gTyAM%2FzlaUsjZyVZf01nIqYKVOZMG0%2BAx8th6BWUIhuMjXem73RsoxAoXg3CbtbfzVblJ6nLEB0UZXUjy3QG3JzeXxkSdTecfUR4%2FvRQjd%2BKwjnmE8nmku4yNhWgwhmfLAARyRl0caaiEG3Q2bq388zh24s915aMpp%2Bzw2FU1Gz%2B1Slt0aDTYw2N2OGqyhGpvn1uSh1atMI9LGMTV7o6K5uUEs%2BqMGnIyvfnClDLAbHQlhcNN9k%2BEKI3iAYwiwdtDFoHGHlXMyT9H6ai%2BkMIBsJjzV%2F3vl5Lmd9HbkUGI%2FzdYC%2FwYAihDQzAs9Z5v9zelz4BoTSAnsFIE1KVdm9T2M3mI0cjzy%2FkCMStsf8pC9fzZjkiWz1wt4EO7UvJkHEbyZ1WbrLcH0H8c9xXBOtUtB7vhOx0nxSI7ZizhQJ8uN4%2FbarDGulZ7nI%2BlTukuYl3HCXbr4IIkPruudTM2ajReVIwNVwnvZkiVlL0onSTR7Fkw%2BmNSNUerygMY8Lpn4L3aXMZghk2CNFMEpXJGpCBFnEWQKb27g4IvaIRYuLfTCkd2CpQ%2FahgJeoF%2FR72TuoEqGxQKColwRGL2p5wqpdTU1PPXd6O3L7uc186fb48NXc50eBITwugSNPH3Ok09sVpGw61BSdoQRvEGgfFlc5w%3D%3D&nvMid=29060734140&catId=50001519
아이폰13 256자급제 (무료 견적 받아보기),"262,000원",https://cr.shopping.naver.com/adcr.nhn?x=dyMvcfIm1dqSPfCAgT6xtv%2F%2F%2Fw%3D%3DsMzQIDhkleu152rVRM3VQv1kghoGG62lfdW70ZWBxeAlhJz9H0Ub4KLvuVTVtNMxMejlICh%2B7Tfl497mTfxLCkHIqYKVOZMG0%2BAx8th6BWUIhuMjXem73RsoxAoXg3Cbt6eGMZN5cCoEIWXVHniFX64yil6f0dwoBKIEuTYszDH9pE5fbdMzTPsS2e5epsl4g1Ll3TmYBbtCFneKNowh5UKmLhRQsLA2AeSpwdDpwpTZ044Xl2CiGWx4BKFD%2Bi7dIA5ijqTU6jnRNRTh%2BkUVsAgez%2FY8eSma9aMvarLWce5s7htNfp0qdrTn9KFmayg1Q4Yh9WqCVy8ZlDdo7lX2wT12tT2AG9M5jxdXEaCkbHF3NWkFGaqrpLQWeK6HcFedCqzIeQCxv9Q1IELF8WN%2Bt5Fb70xOLoOcyBJcCpDzeWLl0yxvlcUIORkCUiU6BsY4Uh7klrUGVo15xKVGXVOQqBrY517Y3i%2Fc2MuTsBazjf4FcAcm60nHKuPgQ8vZOMj0CBUZWJpA9hOu5fZpYBDMz2WU3N0kWCShHUw4vdlvoRYUjcv9xKKJqu7k6Y73Q0rpxmYmdmeMuQAknRRlLHFPSP%2BR79U%2F6Az3gE9mQ%2Flgn57E%3D&nvMid=29142406050&catId=50001519
아이폰13 프로 128GB 자급제 새상품,"1,144,400원",https://cr.shopping.naver.com/adcr.nhn?x=PvndWSo7UMMQjtfO%2FJ0mEf%2F%2F%2Fw%3D%3DsiY1n4B%2FeavFilnUlkub2Co%2BfPUP7tL4FTk%2Fv%2FHC3NLJWQE1WikGGRjsm7ORTamZ7a2nPcS9jShWwAGvOZuukMaununOMRyUqHl13UOdf59DxHHlbhs2BtRnWR%2F7wg7yZpC4kpY3NlT%2F%2FfobUM4f2Q7D9cbDzdvBhYP28y8rhu4mr9N9rARz1GwL8SD%2B61y0rNbuHQJi48rzoBLpbYTU%2Bh2fEfmgusxFICNclsbfnaz9s%2FDUxe8hIAGO1qhEpc655VhF3l8Emrmz7tKlGsUHzz2vqR2unsG9Pw6XBns%2FftjJmn%2B6FVZ%2Fm0w7K7lHYQAO7v5teZnbJ08szYnKbR4NxKVd%2BqILAG09hjAR1K3qLYkAhjg7BeMA0rB6KI1gGXInl7iFoJTDS5BZNDnumRsZmCaDPSFYORZXI8IVKbPEbyKgH1KqwPb8qY1QEsOxvZfwxG8lr6qHsmlrjG4Qyn5nkqWziRKchRP7e3BGwIIlEt%2FnanXvrRZjrS2NpqO2z2RH1%2Fs8ot1QFmnpkk8vztTR1LRRKK6nTucECuG8Ay6UZ4Zd68HiuGDL3%2Fz2fSAUMp%2B8pkf7vwhKV8D%2Bpf56TKREm4IKoDr6us%2BRKRCOTdsWr9TI%3D&nvMid=30078558865&catId=50001519
